x,y
-5.0000,16.6094
-4.7059,12.2245
-4.4118,14.2483
-4.1176,13.2098
-3.8235,6.1464
-3.5294,6.3022
-3.2353,8.1588
-2.9412,6.4056
-2.6471,6.2778
-2.3529,4.0171
-2.0588,7.0322
-1.7647,6.5175
-1.4706,4.9210
-1.1765,7.0088
-0.8824,5.7932
-0.5882,3.3818
-0.2941,6.2185
0.0000,4.0822
0.2941,8.4143
0.5882,7.3534
0.8824,8.0178
1.1765,8.0983
1.4706,13.1164
1.7647,11.7117
2.0588,12.6520
2.3529,14.4307
2.6471,17.9643
2.9412,19.5337
3.2353,21.6698
3.5294,23.8859
3.8235,29.6259
4.1176,26.9865
4.4118,29.3700
4.7059,31.5005
5.0000,37.2320
